schedule_id,course_id,faculty_id,room_id,date,start_time,end_time,status,source_system
SCH_0001,C089,F049,R003,2026-09-28,09:00,10:00,scheduled,LMS
SCH_0002,C004,F040,R018,2026-09-26,10:00,11:00,scheduled,LMS
SCH_0003,C069,F007,R001,2026-09-29,16:00,17:00,scheduled,LMS
SCH_0004,C063,F029,R009,2026-10-04,15:00,16:00,scheduled,LMS
SCH_0005,C039,F032,R010,2026-10-04,09:00,10:00,scheduled,LMS
SCH_0006,C045,F048,R021,2026-09-27,17:00,18:00,scheduled,LMS
SCH_0007,C053,F037,R029,2026-09-30,16:00,17:00,scheduled,LMS
SCH_0008,C031,F011,R013,2026-09-25,15:00,16:00,scheduled,LMS
SCH_0009,C014,F034,R011,2026-09-22,10:00,11:00,scheduled,LMS
SCH_0010,C052,F007,R006,2026-09-26,09:00,10:00,scheduled,LMS
SCH_0011,C080,F016,R025,2026-09-26,11:00,12:00,scheduled,LMS
SCH_0012,C091,F041,R024,2026-10-04,15:00,16:00,scheduled,LMS
SCH_0013,C016,F043,R020,2026-09-27,17:00,18:00,scheduled,LMS
SCH_0014,C043,F017,R002,2026-09-21,14:00,15:00,scheduled,LMS
SCH_0015,C071,F036,R005,2026-10-04,11:00,12:00,scheduled,LMS
SCH_0016,C004,F040,R013,2026-09-27,14:00,15:00,scheduled,LMS
SCH_0017,C069,F007,R022,2026-09-27,17:00,18:00,scheduled,LMS
SCH_0018,C076,F008,R018,2026-09-30,15:00,16:00,scheduled,LMS
SCH_0019,C066,F020,R003,2026-09-21,09:00,10:00,scheduled,LMS
SCH_0020,C080,F016,R030,2026-10-03,14:00,15:00,scheduled,LMS
SCH_0021,C023,F006,R006,2026-10-02,16:00,17:00,scheduled,LMS
SCH_0022,C091,F041,R023,2026-09-27,09:00,10:00,scheduled,LMS
SCH_0023,C051,F026,R026,2026-10-02,16:00,17:00,scheduled,LMS
SCH_0024,C035,F005,R016,2026-09-24,11:00,12:00,scheduled,LMS
SCH_0025,C045,F048,R006,2026-09-29,15:00,16:00,scheduled,LMS
SCH_0026,C078,F020,R021,2026-09-21,14:00,15:00,scheduled,LMS
SCH_0027,C011,F012,R012,2026-09-22,16:00,17:00,scheduled,LMS
SCH_0028,C049,F039,R025,2026-09-23,17:00,18:00,scheduled,LMS
SCH_0029,C087,F033,R009,2026-09-26,09:00,10:00,scheduled,LMS
SCH_0030,C047,F002,R027,2026-10-04,11:00,12:00,scheduled,LMS
SCH_0031,C015,F024,R028,2026-09-21,11:00,12:00,scheduled,LMS
SCH_0032,C065,F028,R030,2026-09-23,15:00,16:00,scheduled,LMS
SCH_0033,C095,F033,R004,2026-09-23,10:00,11:00,scheduled,LMS
SCH_0034,C069,F007,R021,2026-09-23,12:00,13:00,scheduled,LMS
SCH_0035,C048,F037,R028,2026-09-29,09:00,10:00,scheduled,LMS
SCH_0036,C091,F041,R029,2026-09-23,14:00,15:00,scheduled,LMS
SCH_0037,C080,F016,R003,2026-09-25,16:00,17:00,scheduled,LMS
SCH_0038,C090,F031,R019,2026-10-04,11:00,12:00,scheduled,LMS
SCH_0039,C087,F033,R026,2026-09-28,16:00,17:00,scheduled,LMS
SCH_0040,C095,F033,R007,2026-09-24,15:00,16:00,scheduled,LMS
SCH_0041,C035,F005,R007,2026-10-02,10:00,11:00,scheduled,LMS
SCH_0042,C027,F050,R009,2026-10-04,14:00,15:00,scheduled,LMS
SCH_0043,C004,F040,R017,2026-09-29,17:00,18:00,scheduled,LMS
SCH_0044,C015,F024,R007,2026-09-25,17:00,18:00,scheduled,LMS
SCH_0045,C049,F039,R016,2026-10-01,10:00,11:00,scheduled,LMS
SCH_0046,C059,F022,R027,2026-09-26,10:00,11:00,scheduled,LMS
SCH_0047,C067,F048,R005,2026-09-23,15:00,16:00,scheduled,LMS
SCH_0048,C024,F010,R028,2026-09-25,15:00,16:00,scheduled,LMS
SCH_0049,C053,F037,R004,2026-10-03,12:00,13:00,scheduled,LMS
SCH_0050,C096,F004,R016,2026-10-02,15:00,16:00,scheduled,LMS
SCH_0051,C018,F013,R008,2026-09-24,12:00,13:00,scheduled,LMS
SCH_0052,C090,F031,R004,2026-09-26,14:00,15:00,scheduled,LMS
SCH_0053,C054,F005,R014,2026-09-30,10:00,11:00,scheduled,LMS
SCH_0054,C082,F045,R027,2026-09-27,15:00,16:00,scheduled,LMS
SCH_0055,C052,F007,R017,2026-09-24,15:00,16:00,scheduled,LMS
SCH_0056,C012,F047,R029,2026-10-03,15:00,16:00,scheduled,LMS
SCH_0057,C088,F048,R028,2026-09-23,11:00,12:00,scheduled,LMS
SCH_0058,C073,F022,R006,2026-09-29,17:00,18:00,scheduled,LMS
SCH_0059,C015,F024,R027,2026-10-01,15:00,16:00,scheduled,LMS
SCH_0060,C003,F023,R015,2026-09-22,11:00,12:00,scheduled,LMS
SCH_0061,C071,F036,R015,2026-09-21,09:00,10:00,scheduled,LMS
SCH_0062,C069,F007,R020,2026-09-22,10:00,11:00,scheduled,LMS
SCH_0063,C075,F010,R014,2026-09-28,14:00,15:00,scheduled,LMS
SCH_0064,C078,F020,R021,2026-10-03,17:00,18:00,scheduled,LMS
SCH_0065,C082,F045,R009,2026-09-24,10:00,11:00,scheduled,LMS
SCH_0066,C021,F030,R023,2026-09-22,10:00,11:00,scheduled,LMS
SCH_0067,C021,F030,R006,2026-09-25,16:00,17:00,scheduled,LMS
SCH_0068,C037,F049,R014,2026-09-24,12:00,13:00,scheduled,LMS
SCH_0069,C072,F007,R026,2026-09-27,09:00,10:00,scheduled,LMS
SCH_0070,C035,F005,R016,2026-09-30,10:00,11:00,scheduled,LMS
SCH_0071,C067,F048,R016,2026-10-04,09:00,10:00,scheduled,LMS
SCH_0072,C073,F022,R010,2026-09-26,09:00,10:00,scheduled,LMS
SCH_0073,C049,F039,R027,2026-09-25,15:00,16:00,scheduled,LMS
SCH_0074,C013,F025,R013,2026-09-30,16:00,17:00,scheduled,LMS
SCH_0075,C067,F048,R011,2026-10-01,10:00,11:00,scheduled,LMS
SCH_0076,C024,F010,R006,2026-09-30,17:00,18:00,scheduled,LMS
SCH_0077,C076,F008,R006,2026-10-01,14:00,15:00,scheduled,LMS
SCH_0078,C002,F003,R006,2026-09-21,09:00,10:00,scheduled,LMS
SCH_0079,C092,F022,R004,2026-10-04,15:00,16:00,scheduled,LMS
SCH_0080,C065,F028,R004,2026-09-30,17:00,18:00,scheduled,LMS
SCH_0081,C094,F030,R011,2026-09-26,12:00,13:00,scheduled,LMS
SCH_0082,C063,F029,R024,2026-09-25,14:00,15:00,scheduled,LMS
SCH_0083,C041,F040,R020,2026-09-26,14:00,15:00,scheduled,LMS
SCH_0084,C023,F006,R019,2026-09-23,10:00,11:00,scheduled,LMS
SCH_0085,C088,F048,R008,2026-09-21,14:00,15:00,scheduled,LMS
SCH_0086,C076,F008,R026,2026-09-23,09:00,10:00,scheduled,LMS
SCH_0087,C080,F016,R014,2026-10-01,14:00,15:00,scheduled,LMS
SCH_0088,C069,F007,R008,2026-10-04,10:00,11:00,scheduled,LMS
SCH_0089,C006,F043,R030,2026-09-29,11:00,12:00,scheduled,LMS
SCH_0090,C080,F016,R019,2026-09-29,16:00,17:00,scheduled,LMS
SCH_0091,C074,F005,R024,2026-09-26,14:00,15:00,scheduled,LMS
SCH_0092,C065,F028,R005,2026-09-30,09:00,10:00,scheduled,LMS
SCH_0093,C084,F035,R021,2026-10-04,17:00,18:00,scheduled,LMS
SCH_0094,C068,F018,R028,2026-09-29,17:00,18:00,scheduled,LMS
SCH_0095,C066,F020,R020,2026-09-23,15:00,16:00,scheduled,LMS
SCH_0096,C072,F007,R024,2026-09-26,09:00,10:00,scheduled,LMS
SCH_0097,C079,F049,R019,2026-10-02,15:00,16:00,scheduled,LMS
SCH_0098,C021,F030,R011,2026-09-25,10:00,11:00,scheduled,LMS
SCH_0099,C002,F003,R004,2026-09-26,10:00,11:00,scheduled,LMS
SCH_0100,C022,F043,R028,2026-09-30,09:00,10:00,scheduled,LMS
SCH_0101,C019,F040,R026,2026-09-30,12:00,13:00,scheduled,LMS
SCH_0102,C018,F013,R017,2026-09-28,15:00,16:00,scheduled,LMS
SCH_0103,C097,F049,R009,2026-10-04,17:00,18:00,scheduled,LMS
SCH_0104,C020,F019,R013,2026-10-03,17:00,18:00,scheduled,LMS
SCH_0105,C069,F007,R018,2026-09-21,17:00,18:00,scheduled,LMS
SCH_0106,C016,F043,R013,2026-10-04,16:00,17:00,scheduled,LMS
SCH_0107,C096,F004,R002,2026-10-01,09:00,10:00,scheduled,LMS
SCH_0108,C004,F040,R027,2026-10-04,16:00,17:00,scheduled,LMS
SCH_0109,C024,F010,R015,2026-09-22,16:00,17:00,scheduled,LMS
SCH_0110,C023,F006,R020,2026-09-30,14:00,15:00,scheduled,LMS
SCH_0111,C099,F046,R030,2026-09-22,12:00,13:00,scheduled,LMS
SCH_0112,C057,F030,R001,2026-10-03,15:00,16:00,scheduled,LMS
SCH_0113,C038,F049,R028,2026-10-04,10:00,11:00,scheduled,LMS
SCH_0114,C061,F036,R025,2026-09-23,14:00,15:00,scheduled,LMS
SCH_0115,C053,F037,R011,2026-10-03,12:00,13:00,scheduled,LMS
SCH_0116,C047,F002,R003,2026-09-27,15:00,16:00,scheduled,LMS
SCH_0117,C026,F032,R015,2026-10-03,15:00,16:00,scheduled,LMS
SCH_0118,C066,F020,R009,2026-09-30,15:00,16:00,scheduled,LMS
SCH_0119,C081,F045,R029,2026-09-29,11:00,12:00,scheduled,LMS
SCH_0120,C088,F048,R014,2026-09-28,17:00,18:00,scheduled,LMS
SCH_0121,C082,F045,R006,2026-10-02,09:00,10:00,scheduled,LMS
SCH_0122,C053,F037,R025,2026-10-02,16:00,17:00,scheduled,LMS
SCH_0123,C037,F049,R007,2026-09-30,11:00,12:00,scheduled,LMS
SCH_0124,C052,F007,R012,2026-09-23,16:00,17:00,scheduled,LMS
SCH_0125,C082,F045,R026,2026-09-30,10:00,11:00,scheduled,LMS
SCH_0126,C100,F015,R030,2026-10-04,15:00,16:00,scheduled,LMS
SCH_0127,C050,F007,R008,2026-09-27,14:00,15:00,scheduled,LMS
SCH_0128,C058,F018,R008,2026-09-30,09:00,10:00,scheduled,LMS
SCH_0129,C082,F045,R007,2026-09-27,09:00,10:00,scheduled,LMS
SCH_0130,C052,F007,R021,2026-10-04,11:00,12:00,scheduled,LMS
SCH_0131,C079,F049,R020,2026-09-28,16:00,17:00,scheduled,LMS
SCH_0132,C020,F019,R009,2026-09-22,09:00,10:00,scheduled,LMS
SCH_0133,C048,F037,R018,2026-09-21,11:00,12:00,scheduled,LMS
SCH_0134,C012,F047,R026,2026-10-02,12:00,13:00,scheduled,LMS
SCH_0135,C074,F005,R025,2026-09-26,10:00,11:00,scheduled,LMS
SCH_0136,C043,F017,R011,2026-10-01,11:00,12:00,scheduled,LMS
SCH_0137,C097,F049,R011,2026-09-21,14:00,15:00,scheduled,LMS
SCH_0138,C086,F029,R022,2026-09-26,16:00,17:00,scheduled,LMS
SCH_0139,C039,F032,R001,2026-09-30,10:00,11:00,scheduled,LMS
SCH_0140,C050,F007,R008,2026-09-26,17:00,18:00,scheduled,LMS
SCH_0141,C090,F031,R017,2026-09-24,14:00,15:00,scheduled,LMS
SCH_0142,C020,F019,R028,2026-09-30,14:00,15:00,scheduled,LMS
SCH_0143,C046,F050,R015,2026-09-24,15:00,16:00,scheduled,LMS
SCH_0144,C097,F049,R019,2026-10-01,16:00,17:00,scheduled,LMS
SCH_0145,C091,F041,R004,2026-09-24,12:00,13:00,scheduled,LMS
SCH_0146,C085,F005,R015,2026-09-28,15:00,16:00,scheduled,LMS
SCH_0147,C057,F030,R019,2026-09-30,14:00,15:00,scheduled,LMS
SCH_0148,C059,F022,R007,2026-09-30,10:00,11:00,scheduled,LMS
SCH_0149,C024,F010,R026,2026-09-24,17:00,18:00,scheduled,LMS
SCH_0150,C038,F049,R016,2026-10-02,17:00,18:00,scheduled,LMS
SCH_0151,C008,F023,R003,2026-10-04,09:00,10:00,scheduled,LMS
SCH_0152,C044,F018,R030,2026-09-22,10:00,11:00,scheduled,LMS
SCH_0153,C072,F007,R022,2026-10-01,10:00,11:00,scheduled,LMS
SCH_0154,C055,F007,R013,2026-09-22,12:00,13:00,scheduled,LMS
SCH_0155,C007,F025,R015,2026-09-24,17:00,18:00,scheduled,LMS
SCH_0156,C003,F023,R015,2026-09-30,15:00,16:00,scheduled,LMS
SCH_0157,C093,F045,R007,2026-10-01,11:00,12:00,scheduled,LMS
SCH_0158,C083,F041,R007,2026-09-24,12:00,13:00,scheduled,LMS
SCH_0159,C098,F029,R019,2026-09-22,14:00,15:00,scheduled,LMS
SCH_0160,C045,F048,R003,2026-09-24,11:00,12:00,scheduled,LMS
SCH_0161,C080,F016,R024,2026-09-25,10:00,11:00,scheduled,LMS
SCH_0162,C040,F043,R008,2026-10-01,17:00,18:00,scheduled,LMS
SCH_0163,C011,F012,R017,2026-09-21,17:00,18:00,scheduled,LMS
SCH_0164,C089,F049,R001,2026-10-03,10:00,11:00,scheduled,LMS
SCH_0165,C034,F009,R017,2026-09-23,17:00,18:00,scheduled,LMS
SCH_0166,C013,F025,R028,2026-09-29,17:00,18:00,scheduled,LMS
SCH_0167,C076,F008,R013,2026-10-03,16:00,17:00,scheduled,LMS
SCH_0168,C027,F050,R025,2026-09-24,12:00,13:00,scheduled,LMS
SCH_0169,C010,F044,R014,2026-10-02,17:00,18:00,scheduled,LMS
SCH_0170,C034,F009,R014,2026-10-03,09:00,10:00,scheduled,LMS
SCH_0171,C022,F043,R018,2026-10-04,10:00,11:00,scheduled,LMS
SCH_0172,C066,F020,R010,2026-09-24,11:00,12:00,scheduled,LMS
SCH_0173,C067,F048,R020,2026-09-23,09:00,10:00,scheduled,LMS
SCH_0174,C040,F043,R017,2026-10-04,11:00,12:00,scheduled,LMS
SCH_0175,C055,F007,R013,2026-09-23,09:00,10:00,scheduled,LMS
SCH_0176,C065,F028,R022,2026-09-25,14:00,15:00,scheduled,LMS
SCH_0177,C092,F022,R010,2026-09-29,14:00,15:00,scheduled,LMS
SCH_0178,C007,F025,R016,2026-10-01,12:00,13:00,scheduled,LMS
SCH_0179,C023,F006,R020,2026-10-04,15:00,16:00,scheduled,LMS
SCH_0180,C053,F037,R011,2026-09-22,17:00,18:00,scheduled,LMS
SCH_0181,C012,F047,R026,2026-09-29,10:00,11:00,scheduled,LMS
SCH_0182,C097,F049,R019,2026-09-27,14:00,15:00,scheduled,LMS
SCH_0183,C007,F025,R025,2026-09-30,15:00,16:00,scheduled,LMS
SCH_0184,C056,F028,R017,2026-09-28,10:00,11:00,scheduled,LMS
SCH_0185,C080,F016,R015,2026-10-03,09:00,10:00,scheduled,LMS
SCH_0186,C042,F006,R022,2026-10-03,14:00,15:00,scheduled,LMS
SCH_0187,C042,F006,R028,2026-09-23,15:00,16:00,scheduled,LMS
SCH_0188,C050,F007,R026,2026-09-30,09:00,10:00,scheduled,LMS
SCH_0189,C051,F026,R016,2026-09-21,11:00,12:00,scheduled,LMS
SCH_0190,C062,F032,R010,2026-09-29,14:00,15:00,scheduled,LMS
SCH_0191,C066,F020,R025,2026-09-23,11:00,12:00,scheduled,LMS
SCH_0192,C061,F036,R002,2026-09-25,10:00,11:00,scheduled,LMS
SCH_0193,C011,F012,R013,2026-09-28,09:00,10:00,scheduled,LMS
SCH_0194,C012,F047,R008,2026-10-02,10:00,11:00,scheduled,LMS
SCH_0195,C029,F030,R027,2026-09-29,12:00,13:00,scheduled,LMS
SCH_0196,C071,F036,R018,2026-10-04,10:00,11:00,scheduled,LMS
SCH_0197,C033,F005,R026,2026-09-24,17:00,18:00,scheduled,LMS
SCH_0198,C044,F018,R017,2026-09-28,14:00,15:00,scheduled,LMS
SCH_0199,C015,F024,R021,2026-09-24,14:00,15:00,scheduled,LMS
SCH_0200,C030,F040,R028,2026-09-21,12:00,13:00,scheduled,LMS
SCH_0201,C042,F006,R023,2026-09-21,15:00,16:00,scheduled,LMS
SCH_0202,C085,F005,R025,2026-10-02,17:00,18:00,scheduled,LMS
SCH_0203,C098,F029,R006,2026-09-30,11:00,12:00,scheduled,LMS
SCH_0204,C051,F026,R010,2026-09-26,10:00,11:00,scheduled,LMS
SCH_0205,C027,F050,R016,2026-09-28,12:00,13:00,scheduled,LMS
SCH_0206,C011,F012,R006,2026-09-24,12:00,13:00,scheduled,LMS
SCH_0207,C070,F001,R003,2026-09-26,10:00,11:00,scheduled,LMS
SCH_0208,C092,F022,R019,2026-09-24,16:00,17:00,scheduled,LMS
SCH_0209,C025,F030,R022,2026-09-29,11:00,12:00,scheduled,LMS
SCH_0210,C064,F020,R008,2026-10-03,11:00,12:00,scheduled,LMS
SCH_0211,C098,F029,R004,2026-09-21,10:00,11:00,scheduled,LMS
SCH_0212,C001,F035,R012,2026-10-01,15:00,16:00,scheduled,LMS
SCH_0213,C070,F001,R004,2026-10-04,11:00,12:00,scheduled,LMS
SCH_0214,C060,F023,R024,2026-09-30,17:00,18:00,scheduled,LMS
SCH_0215,C052,F007,R020,2026-09-30,16:00,17:00,scheduled,LMS
SCH_0216,C057,F030,R018,2026-09-29,15:00,16:00,scheduled,LMS
SCH_0217,C090,F031,R025,2026-09-25,16:00,17:00,scheduled,LMS
SCH_0218,C086,F029,R011,2026-09-23,10:00,11:00,scheduled,LMS
SCH_0219,C049,F039,R006,2026-09-22,16:00,17:00,scheduled,LMS
SCH_0220,C027,F050,R002,2026-09-28,09:00,10:00,scheduled,LMS
SCH_0221,C025,F030,R007,2026-10-01,09:00,10:00,scheduled,LMS
SCH_0222,C065,F028,R010,2026-09-27,11:00,12:00,scheduled,LMS
SCH_0223,C030,F040,R025,2026-09-21,11:00,12:00,scheduled,LMS
SCH_0224,C069,F007,R007,2026-09-22,11:00,12:00,scheduled,LMS
SCH_0225,C032,F050,R002,2026-09-25,09:00,10:00,scheduled,LMS
SCH_0226,C034,F009,R009,2026-09-28,16:00,17:00,scheduled,LMS
SCH_0227,C021,F030,R023,2026-09-27,14:00,15:00,scheduled,LMS
SCH_0228,C074,F005,R026,2026-10-02,15:00,16:00,scheduled,LMS
SCH_0229,C066,F020,R018,2026-10-01,12:00,13:00,scheduled,LMS
SCH_0230,C036,F014,R028,2026-09-27,11:00,12:00,scheduled,LMS
SCH_0231,C057,F030,R004,2026-10-04,11:00,12:00,scheduled,LMS
SCH_0232,C009,F022,R003,2026-09-22,12:00,13:00,scheduled,LMS
SCH_0233,C015,F024,R019,2026-10-02,15:00,16:00,scheduled,LMS
SCH_0234,C094,F030,R004,2026-09-21,10:00,11:00,scheduled,LMS
SCH_0235,C041,F040,R019,2026-09-22,12:00,13:00,scheduled,LMS
SCH_0236,C014,F034,R023,2026-09-25,14:00,15:00,scheduled,LMS
SCH_0237,C060,F023,R019,2026-09-30,16:00,17:00,scheduled,LMS
SCH_0238,C052,F007,R003,2026-09-29,15:00,16:00,scheduled,LMS
SCH_0239,C089,F049,R015,2026-09-21,11:00,12:00,scheduled,LMS
SCH_0240,C058,F018,R020,2026-10-04,10:00,11:00,scheduled,LMS
SCH_0241,C029,F030,R019,2026-10-04,14:00,15:00,scheduled,LMS
SCH_0242,C047,F002,R016,2026-09-29,14:00,15:00,scheduled,LMS
SCH_0243,C014,F034,R018,2026-09-26,14:00,15:00,scheduled,LMS
SCH_0244,C046,F050,R018,2026-10-01,14:00,15:00,scheduled,LMS
SCH_0245,C012,F047,R002,2026-10-02,17:00,18:00,scheduled,LMS
SCH_0246,C099,F046,R029,2026-09-23,15:00,16:00,scheduled,LMS
SCH_0247,C091,F041,R020,2026-09-25,17:00,18:00,scheduled,LMS
SCH_0248,C038,F049,R024,2026-10-04,11:00,12:00,scheduled,LMS
SCH_0249,C051,F026,R011,2026-10-01,09:00,10:00,scheduled,LMS
SCH_0250,C052,F007,R009,2026-09-25,17:00,18:00,scheduled,LMS
SCH_0251,C076,F008,R008,2026-09-25,14:00,15:00,scheduled,LMS
SCH_0252,C012,F047,R001,2026-09-23,10:00,11:00,scheduled,LMS
SCH_0253,C019,F040,R006,2026-09-28,15:00,16:00,scheduled,LMS
SCH_0254,C022,F043,R023,2026-09-27,12:00,13:00,scheduled,LMS
SCH_0255,C081,F045,R022,2026-09-30,14:00,15:00,scheduled,LMS
SCH_0256,C058,F018,R004,2026-09-30,09:00,10:00,scheduled,LMS
SCH_0257,C019,F040,R017,2026-09-25,16:00,17:00,scheduled,LMS
SCH_0258,C075,F010,R008,2026-09-26,10:00,11:00,scheduled,LMS
SCH_0259,C096,F004,R023,2026-10-04,14:00,15:00,scheduled,LMS
SCH_0260,C020,F019,R019,2026-09-25,14:00,15:00,scheduled,LMS
SCH_0261,C097,F049,R008,2026-09-25,16:00,17:00,scheduled,LMS
SCH_0262,C057,F030,R002,2026-10-02,15:00,16:00,scheduled,LMS
SCH_0263,C004,F040,R020,2026-09-28,14:00,15:00,scheduled,LMS
SCH_0264,C076,F008,R015,2026-09-29,10:00,11:00,scheduled,LMS
SCH_0265,C010,F044,R022,2026-10-03,14:00,15:00,scheduled,LMS
SCH_0266,C070,F001,R012,2026-10-02,15:00,16:00,scheduled,LMS
SCH_0267,C062,F032,R022,2026-09-23,15:00,16:00,scheduled,LMS
SCH_0268,C031,F011,R012,2026-09-23,16:00,17:00,scheduled,LMS
SCH_0269,C061,F036,R009,2026-09-25,16:00,17:00,scheduled,LMS
SCH_0270,C012,F047,R003,2026-09-26,09:00,10:00,scheduled,LMS
SCH_0271,C057,F030,R022,2026-09-29,12:00,13:00,scheduled,LMS
SCH_0272,C092,F022,R027,2026-09-21,14:00,15:00,scheduled,LMS
SCH_0273,C001,F035,R008,2026-09-24,10:00,11:00,scheduled,LMS
SCH_0274,C045,F048,R017,2026-09-28,14:00,15:00,scheduled,LMS
SCH_0275,C090,F031,R010,2026-09-23,10:00,11:00,scheduled,LMS
SCH_0276,C039,F032,R018,2026-09-24,10:00,11:00,scheduled,LMS
SCH_0277,C033,F005,R027,2026-09-24,16:00,17:00,scheduled,LMS
SCH_0278,C065,F028,R030,2026-10-02,17:00,18:00,scheduled,LMS
SCH_0279,C061,F036,R009,2026-09-26,14:00,15:00,scheduled,LMS
SCH_0280,C092,F022,R007,2026-09-29,12:00,13:00,scheduled,LMS
SCH_0281,C069,F007,R008,2026-09-30,12:00,13:00,scheduled,LMS
SCH_0282,C037,F049,R018,2026-09-28,17:00,18:00,scheduled,LMS
SCH_0283,C095,F033,R030,2026-09-28,11:00,12:00,scheduled,LMS
SCH_0284,C082,F045,R029,2026-10-02,17:00,18:00,scheduled,LMS
SCH_0285,C074,F005,R028,2026-10-02,10:00,11:00,scheduled,LMS
SCH_0286,C040,F043,R028,2026-09-26,14:00,15:00,scheduled,LMS
SCH_0287,C098,F029,R002,2026-10-04,11:00,12:00,scheduled,LMS
SCH_0288,C092,F022,R018,2026-09-23,14:00,15:00,scheduled,LMS
SCH_0289,C048,F037,R022,2026-09-22,11:00,12:00,scheduled,LMS
SCH_0290,C049,F039,R029,2026-09-26,09:00,10:00,scheduled,LMS
SCH_0291,C079,F049,R023,2026-10-02,12:00,13:00,scheduled,LMS
SCH_0292,C080,F016,R003,2026-10-04,12:00,13:00,scheduled,LMS
SCH_0293,C030,F040,R026,2026-09-25,10:00,11:00,scheduled,LMS
SCH_0294,C047,F002,R024,2026-09-23,14:00,15:00,scheduled,LMS
SCH_0295,C099,F046,R004,2026-09-28,11:00,12:00,scheduled,LMS
SCH_0296,C082,F045,R005,2026-09-23,12:00,13:00,scheduled,LMS
SCH_0297,C042,F006,R014,2026-10-04,17:00,18:00,scheduled,LMS
SCH_0298,C082,F045,R007,2026-09-23,09:00,10:00,scheduled,LMS
SCH_0299,C039,F032,R018,2026-09-28,14:00,15:00,scheduled,LMS
SCH_0300,C073,F022,R025,2026-09-22,17:00,18:00,scheduled,LMS
SCH_0301,C010,F044,R004,2026-09-26,12:00,13:00,scheduled,LMS
SCH_0302,C069,F007,R001,2026-10-04,17:00,18:00,scheduled,LMS
SCH_0303,C063,F029,R001,2026-09-21,09:00,10:00,scheduled,LMS
SCH_0304,C098,F029,R019,2026-10-04,16:00,17:00,scheduled,LMS
SCH_0305,C039,F032,R005,2026-09-24,11:00,12:00,scheduled,LMS
SCH_0306,C055,F007,R026,2026-09-24,17:00,18:00,scheduled,LMS
SCH_0307,C096,F004,R001,2026-09-28,12:00,13:00,scheduled,LMS
SCH_0308,C090,F031,R001,2026-09-24,15:00,16:00,scheduled,LMS
SCH_0309,C082,F045,R006,2026-09-23,10:00,11:00,scheduled,LMS
SCH_0310,C050,F007,R014,2026-09-21,15:00,16:00,scheduled,LMS
SCH_0311,C073,F022,R003,2026-09-29,12:00,13:00,scheduled,LMS
SCH_0312,C052,F007,R029,2026-10-01,17:00,18:00,scheduled,LMS
SCH_0313,C006,F043,R010,2026-09-26,15:00,16:00,scheduled,LMS
SCH_0314,C047,F002,R001,2026-10-01,11:00,12:00,scheduled,LMS
SCH_0315,C034,F009,R029,2026-09-27,12:00,13:00,scheduled,LMS
SCH_0316,C095,F033,R005,2026-09-23,10:00,11:00,scheduled,LMS
SCH_0317,C058,F018,R019,2026-09-29,14:00,15:00,scheduled,LMS
SCH_0318,C062,F032,R010,2026-10-03,15:00,16:00,scheduled,LMS
SCH_0319,C035,F005,R027,2026-09-22,09:00,10:00,scheduled,LMS
SCH_0320,C089,F049,R013,2026-09-29,15:00,16:00,scheduled,LMS
SCH_0321,C037,F049,R022,2026-10-03,10:00,11:00,scheduled,LMS
SCH_0322,C069,F007,R026,2026-09-29,10:00,11:00,scheduled,LMS
SCH_0323,C040,F043,R009,2026-09-22,14:00,15:00,scheduled,LMS
SCH_0324,C074,F005,R010,2026-09-23,10:00,11:00,scheduled,LMS
SCH_0325,C075,F010,R017,2026-09-28,12:00,13:00,scheduled,LMS
SCH_0326,C053,F037,R017,2026-09-25,11:00,12:00,scheduled,LMS
SCH_0327,C010,F044,R016,2026-10-03,09:00,10:00,scheduled,LMS
SCH_0328,C044,F018,R027,2026-09-27,14:00,15:00,scheduled,LMS
SCH_0329,C033,F005,R018,2026-09-24,12:00,13:00,scheduled,LMS
SCH_0330,C040,F043,R005,2026-10-01,15:00,16:00,scheduled,LMS
SCH_0331,C073,F022,R028,2026-09-26,12:00,13:00,scheduled,LMS
SCH_0332,C010,F044,R014,2026-10-03,14:00,15:00,scheduled,LMS
SCH_0333,C083,F041,R017,2026-09-24,12:00,13:00,scheduled,LMS
SCH_0334,C042,F006,R021,2026-09-25,17:00,18:00,scheduled,LMS
SCH_0335,C050,F007,R030,2026-10-02,10:00,11:00,scheduled,LMS
SCH_0336,C014,F034,R021,2026-10-03,17:00,18:00,scheduled,LMS
SCH_0337,C025,F030,R005,2026-09-23,09:00,10:00,scheduled,LMS
SCH_0338,C003,F023,R012,2026-09-25,09:00,10:00,scheduled,LMS
SCH_0339,C022,F043,R024,2026-10-04,12:00,13:00,scheduled,LMS
SCH_0340,C100,F015,R017,2026-09-23,14:00,15:00,scheduled,LMS
SCH_0341,C042,F006,R026,2026-09-23,14:00,15:00,scheduled,LMS
SCH_0342,C042,F006,R022,2026-10-03,12:00,13:00,scheduled,LMS
SCH_0343,C088,F048,R021,2026-10-04,09:00,10:00,scheduled,LMS
SCH_0344,C099,F046,R020,2026-10-04,09:00,10:00,scheduled,LMS
SCH_0345,C100,F015,R025,2026-09-30,10:00,11:00,scheduled,LMS
SCH_0346,C008,F023,R016,2026-10-01,17:00,18:00,scheduled,LMS
SCH_0347,C088,F048,R014,2026-09-24,10:00,11:00,scheduled,LMS
SCH_0348,C062,F032,R025,2026-09-27,12:00,13:00,scheduled,LMS
SCH_0349,C014,F034,R002,2026-09-24,11:00,12:00,scheduled,LMS
SCH_0350,C097,F049,R019,2026-09-25,12:00,13:00,scheduled,LMS
SCH_0351,C092,F022,R009,2026-09-21,17:00,18:00,scheduled,LMS
SCH_0352,C069,F007,R028,2026-10-03,11:00,12:00,scheduled,LMS
SCH_0353,C080,F016,R030,2026-09-25,14:00,15:00,scheduled,LMS
SCH_0354,C056,F028,R018,2026-09-28,12:00,13:00,scheduled,LMS
SCH_0355,C026,F032,R025,2026-10-04,09:00,10:00,scheduled,LMS
SCH_0356,C003,F023,R028,2026-09-28,10:00,11:00,scheduled,LMS
SCH_0357,C074,F005,R008,2026-09-23,10:00,11:00,scheduled,LMS
SCH_0358,C051,F026,R030,2026-09-23,15:00,16:00,scheduled,LMS
SCH_0359,C085,F005,R014,2026-09-28,16:00,17:00,scheduled,LMS
SCH_0360,C055,F007,R028,2026-09-30,10:00,11:00,scheduled,LMS
SCH_0361,C060,F023,R014,2026-09-21,11:00,12:00,scheduled,LMS
SCH_0362,C005,F012,R004,2026-09-25,10:00,11:00,scheduled,LMS
SCH_0363,C048,F037,R017,2026-09-30,11:00,12:00,scheduled,LMS
SCH_0364,C074,F005,R021,2026-09-28,11:00,12:00,scheduled,LMS
SCH_0365,C023,F006,R018,2026-09-25,14:00,15:00,scheduled,LMS
SCH_0366,C051,F026,R001,2026-10-01,15:00,16:00,scheduled,LMS
SCH_0367,C057,F030,R001,2026-09-23,09:00,10:00,scheduled,LMS
SCH_0368,C083,F041,R005,2026-09-28,16:00,17:00,scheduled,LMS
SCH_0369,C074,F005,R015,2026-09-30,10:00,11:00,scheduled,LMS
SCH_0370,C047,F002,R014,2026-09-26,11:00,12:00,scheduled,LMS
SCH_0371,C021,F030,R006,2026-10-04,12:00,13:00,scheduled,LMS
SCH_0372,C080,F016,R022,2026-09-22,10:00,11:00,scheduled,LMS
SCH_0373,C049,F039,R010,2026-10-03,17:00,18:00,scheduled,LMS
SCH_0374,C029,F030,R013,2026-09-28,15:00,16:00,scheduled,LMS
SCH_0375,C088,F048,R005,2026-09-22,16:00,17:00,scheduled,LMS
SCH_0376,C044,F018,R010,2026-09-27,15:00,16:00,scheduled,LMS
SCH_0377,C029,F030,R030,2026-10-04,09:00,10:00,scheduled,LMS
SCH_0378,C070,F001,R025,2026-09-22,09:00,10:00,scheduled,LMS
SCH_0379,C026,F032,R027,2026-09-21,15:00,16:00,scheduled,LMS
SCH_0380,C049,F039,R026,2026-09-25,14:00,15:00,scheduled,LMS
SCH_0381,C047,F002,R027,2026-09-21,11:00,12:00,scheduled,LMS
SCH_0382,C079,F049,R017,2026-09-28,17:00,18:00,scheduled,LMS
SCH_0383,C089,F049,R004,2026-09-27,09:00,10:00,scheduled,LMS
SCH_0384,C057,F030,R006,2026-09-22,11:00,12:00,scheduled,LMS
SCH_0385,C026,F032,R013,2026-09-24,10:00,11:00,scheduled,LMS
SCH_0386,C090,F031,R021,2026-09-27,11:00,12:00,scheduled,LMS
SCH_0387,C041,F040,R014,2026-09-26,17:00,18:00,scheduled,LMS
SCH_0388,C051,F026,R030,2026-09-26,10:00,11:00,scheduled,LMS
SCH_0389,C039,F032,R005,2026-09-21,09:00,10:00,scheduled,LMS
SCH_0390,C090,F031,R003,2026-09-21,12:00,13:00,scheduled,LMS
SCH_0391,C056,F028,R021,2026-09-27,16:00,17:00,scheduled,LMS
SCH_0392,C074,F005,R013,2026-10-03,15:00,16:00,scheduled,LMS
SCH_0393,C098,F029,R017,2026-09-28,14:00,15:00,scheduled,LMS
SCH_0394,C087,F033,R022,2026-09-24,17:00,18:00,scheduled,LMS
SCH_0395,C068,F018,R004,2026-10-01,12:00,13:00,scheduled,LMS
SCH_0396,C094,F030,R003,2026-09-29,14:00,15:00,scheduled,LMS
SCH_0397,C042,F006,R011,2026-10-04,17:00,18:00,scheduled,LMS
SCH_0398,C080,F016,R030,2026-10-01,10:00,11:00,scheduled,LMS
SCH_0399,C003,F023,R012,2026-10-02,14:00,15:00,scheduled,LMS
SCH_0400,C080,F016,R012,2026-10-03,15:00,16:00,scheduled,LMS
SCH_0401,C047,F002,R002,2026-09-29,10:00,11:00,scheduled,LMS
SCH_0402,C060,F023,R007,2026-10-04,16:00,17:00,scheduled,LMS
SCH_0403,C065,F028,R023,2026-09-24,09:00,10:00,scheduled,LMS
SCH_0404,C096,F004,R002,2026-09-23,10:00,11:00,scheduled,LMS
SCH_0405,C077,F050,R013,2026-09-23,10:00,11:00,scheduled,LMS
SCH_0406,C046,F050,R020,2026-09-29,11:00,12:00,scheduled,LMS
SCH_0407,C013,F025,R023,2026-09-24,16:00,17:00,scheduled,LMS
SCH_0408,C059,F022,R024,2026-09-24,17:00,18:00,scheduled,LMS
SCH_0409,C081,F045,R004,2026-09-23,15:00,16:00,scheduled,LMS
SCH_0410,C003,F023,R016,2026-10-04,10:00,11:00,scheduled,LMS
SCH_0411,C029,F030,R028,2026-09-22,11:00,12:00,scheduled,LMS
SCH_0412,C097,F049,R015,2026-09-30,09:00,10:00,scheduled,LMS
SCH_0413,C045,F048,R025,2026-10-02,12:00,13:00,scheduled,LMS
SCH_0414,C085,F005,R008,2026-10-03,10:00,11:00,scheduled,LMS
SCH_0415,C089,F049,R007,2026-09-21,11:00,12:00,scheduled,LMS
SCH_0416,C021,F030,R029,2026-09-27,11:00,12:00,scheduled,LMS
SCH_0417,C007,F025,R027,2026-09-24,17:00,18:00,scheduled,LMS
SCH_0418,C044,F018,R030,2026-09-21,15:00,16:00,scheduled,LMS
SCH_0419,C047,F002,R024,2026-09-21,16:00,17:00,scheduled,LMS
SCH_0420,C094,F030,R024,2026-10-03,17:00,18:00,scheduled,LMS
SCH_0421,C059,F022,R011,2026-10-01,14:00,15:00,scheduled,LMS
SCH_0422,C094,F030,R013,2026-09-29,11:00,12:00,scheduled,LMS
SCH_0423,C077,F050,R024,2026-10-01,15:00,16:00,scheduled,LMS
SCH_0424,C004,F040,R008,2026-09-23,11:00,12:00,scheduled,LMS
SCH_0425,C033,F005,R024,2026-09-30,11:00,12:00,scheduled,LMS
SCH_0426,C080,F016,R028,2026-09-26,14:00,15:00,scheduled,LMS
SCH_0427,C100,F015,R022,2026-10-04,16:00,17:00,scheduled,LMS
SCH_0428,C027,F050,R008,2026-09-26,14:00,15:00,scheduled,LMS
SCH_0429,C013,F025,R007,2026-09-28,16:00,17:00,scheduled,LMS
SCH_0430,C081,F045,R028,2026-09-24,10:00,11:00,scheduled,LMS
SCH_0431,C073,F022,R002,2026-09-27,10:00,11:00,scheduled,LMS
SCH_0432,C070,F001,R010,2026-09-25,15:00,16:00,scheduled,LMS
SCH_0433,C064,F020,R003,2026-09-26,09:00,10:00,scheduled,LMS
SCH_0434,C063,F029,R001,2026-09-24,16:00,17:00,scheduled,LMS
SCH_0435,C081,F045,R014,2026-09-26,12:00,13:00,scheduled,LMS
SCH_0436,C064,F020,R023,2026-09-26,14:00,15:00,scheduled,LMS
SCH_0437,C005,F012,R012,2026-09-23,12:00,13:00,scheduled,LMS
SCH_0438,C045,F048,R018,2026-09-28,11:00,12:00,scheduled,LMS
SCH_0439,C098,F029,R015,2026-09-25,16:00,17:00,scheduled,LMS
SCH_0440,C030,F040,R009,2026-09-27,17:00,18:00,scheduled,LMS
SCH_0441,C032,F050,R021,2026-10-04,16:00,17:00,scheduled,LMS
SCH_0442,C044,F018,R001,2026-10-02,11:00,12:00,scheduled,LMS
SCH_0443,C011,F012,R024,2026-09-23,16:00,17:00,scheduled,LMS
SCH_0444,C092,F022,R024,2026-10-02,17:00,18:00,scheduled,LMS
SCH_0445,C082,F045,R013,2026-09-27,10:00,11:00,scheduled,LMS
SCH_0446,C045,F048,R006,2026-09-28,14:00,15:00,scheduled,LMS
SCH_0447,C047,F002,R007,2026-10-01,17:00,18:00,scheduled,LMS
SCH_0448,C005,F012,R013,2026-09-30,09:00,10:00,scheduled,LMS
SCH_0449,C100,F015,R007,2026-09-25,15:00,16:00,scheduled,LMS
SCH_0450,C025,F030,R017,2026-10-03,15:00,16:00,scheduled,LMS
SCH_0451,C079,F049,R005,2026-09-23,11:00,12:00,scheduled,LMS
SCH_0452,C063,F029,R016,2026-09-25,11:00,12:00,scheduled,LMS
SCH_0453,C062,F032,R024,2026-10-02,09:00,10:00,scheduled,LMS
SCH_0454,C069,F007,R012,2026-09-26,16:00,17:00,scheduled,LMS
SCH_0455,C037,F049,R009,2026-09-25,11:00,12:00,scheduled,LMS
SCH_0456,C066,F020,R004,2026-09-26,14:00,15:00,scheduled,LMS
SCH_0457,C094,F030,R005,2026-09-30,17:00,18:00,scheduled,LMS
SCH_0458,C064,F020,R030,2026-09-29,09:00,10:00,scheduled,LMS
SCH_0459,C090,F031,R030,2026-09-27,14:00,15:00,scheduled,LMS
SCH_0460,C097,F049,R007,2026-09-24,17:00,18:00,scheduled,LMS
SCH_0461,C099,F046,R005,2026-09-22,16:00,17:00,scheduled,LMS
SCH_0462,C024,F010,R009,2026-09-21,12:00,13:00,scheduled,LMS
SCH_0463,C021,F030,R008,2026-09-25,17:00,18:00,scheduled,LMS
SCH_0464,C045,F048,R004,2026-09-24,10:00,11:00,scheduled,LMS
SCH_0465,C055,F007,R022,2026-09-22,16:00,17:00,scheduled,LMS
SCH_0466,C087,F033,R019,2026-09-21,10:00,11:00,scheduled,LMS
SCH_0467,C062,F032,R021,2026-09-26,16:00,17:00,scheduled,LMS
SCH_0468,C007,F025,R022,2026-10-04,15:00,16:00,scheduled,LMS
SCH_0469,C036,F014,R006,2026-09-24,15:00,16:00,scheduled,LMS
SCH_0470,C007,F025,R030,2026-09-23,10:00,11:00,scheduled,LMS
SCH_0471,C020,F019,R027,2026-09-22,15:00,16:00,scheduled,LMS
SCH_0472,C025,F030,R020,2026-09-25,11:00,12:00,scheduled,LMS
SCH_0473,C015,F024,R028,2026-09-25,09:00,10:00,scheduled,LMS
SCH_0474,C082,F045,R004,2026-09-22,15:00,16:00,scheduled,LMS
SCH_0475,C070,F001,R029,2026-09-21,14:00,15:00,scheduled,LMS
SCH_0476,C089,F049,R003,2026-09-24,17:00,18:00,scheduled,LMS
SCH_0477,C077,F050,R004,2026-09-30,09:00,10:00,scheduled,LMS
SCH_0478,C088,F048,R003,2026-10-02,16:00,17:00,scheduled,LMS
SCH_0479,C041,F040,R007,2026-10-04,09:00,10:00,scheduled,LMS
SCH_0480,C038,F049,R027,2026-09-29,12:00,13:00,scheduled,LMS
SCH_0481,C065,F028,R024,2026-09-26,15:00,16:00,scheduled,LMS
SCH_0482,C064,F020,R030,2026-09-26,12:00,13:00,scheduled,LMS
SCH_0483,C034,F009,R028,2026-09-27,14:00,15:00,scheduled,LMS
SCH_0484,C049,F039,R012,2026-09-26,14:00,15:00,scheduled,LMS
SCH_0485,C075,F010,R003,2026-10-01,17:00,18:00,scheduled,LMS
SCH_0486,C078,F020,R001,2026-09-26,17:00,18:00,scheduled,LMS
SCH_0487,C099,F046,R007,2026-09-30,17:00,18:00,scheduled,LMS
SCH_0488,C078,F020,R010,2026-09-25,11:00,12:00,scheduled,LMS
SCH_0489,C083,F041,R022,2026-09-26,14:00,15:00,scheduled,LMS
SCH_0490,C089,F049,R016,2026-09-23,09:00,10:00,scheduled,LMS
SCH_0491,C071,F036,R007,2026-10-02,14:00,15:00,scheduled,LMS
SCH_0492,C076,F008,R009,2026-09-24,16:00,17:00,scheduled,LMS
SCH_0493,C001,F035,R019,2026-09-29,11:00,12:00,scheduled,LMS
SCH_0494,C025,F030,R008,2026-10-03,17:00,18:00,scheduled,LMS
SCH_0495,C013,F025,R010,2026-09-26,16:00,17:00,scheduled,LMS
SCH_0496,C007,F025,R005,2026-09-29,14:00,15:00,scheduled,LMS
SCH_0497,C034,F009,R001,2026-09-30,17:00,18:00,scheduled,LMS
SCH_0498,C077,F050,R004,2026-10-01,15:00,16:00,scheduled,LMS
SCH_0499,C030,F040,R017,2026-09-21,17:00,18:00,scheduled,LMS
SCH_0500,C095,F033,R015,2026-09-29,16:00,17:00,scheduled,LMS
